"Species_1","Species_2","Species_3","Species_4","Species_5","Species_6","Species_7","Species_8","Species_9","Species_10","Species_11","Species_12","Species_13","Species_14","Species_15","Species_16","Species_17","Species_18","Species_19","Species_20","SampleID"
463,731,469,82,540,562,111,868,992,474,606,396,763,873,121,692,777,515,683,716,"SA001"
99,14,851,780,882,378,251,25,22,231,496,963,510,905,367,92,840,888,714,536,"SA002"
465,45,582,193,38,519,680,850,180,454,109,377,227,779,790,737,871,704,280,49,"SA003"
984,418,187,656,881,74,577,524,329,79,846,78,166,167,216,945,953,424,674,823,"SA004"
925,644,609,435,722,538,416,435,855,258,446,529,316,121,621,664,384,300,297,252,"SA005"
435,220,893,197,770,961,729,931,184,554,750,950,45,118,378,667,951,963,571,521,"SA006"
870,833,794,995,864,528,574,165,795,22,796,856,670,432,604,420,704,125,55,327,"SA007"
300,695,504,447,501,437,578,379,859,211,391,549,746,777,565,138,422,680,348,110,"SA008"
798,899,423,31,926,32,590,138,472,636,15,665,249,904,694,469,391,820,498,852,"SA009"
801,414,654,937,208,38,223,150,648,717,743,500,467,426,814,94,211,216,532,625,"SA010"
387,411,888,871,27,47,103,676,325,777,68,924,44,810,454,754,752,594,816,848,"SA011"
382,250,892,601,316,161,737,562,466,73,532,92,98,468,370,366,445,162,510,126,"SA012"
646,374,178,299,660,469,612,472,942,99,123,497,897,679,823,568,453,406,849,668,"SA013"
862,232,258,809,315,806,951,811,245,946,676,782,615,759,513,383,83,239,594,608,"SA014"
657,932,113,952,944,281,960,962,22,931,56,870,641,683,742,203,365,528,538,946,"SA015"
516,476,797,852,779,755,745,515,967,921,798,902,461,848,849,535,895,671,627,581,"SA016"
149,48,110,127,339,522,435,704,260,650,663,811,280,312,440,386,544,908,292,303,"SA017"
613,774,829,969,482,289,175,181,654,156,244,154,945,183,406,862,31,333,567,935,"SA018"
42,331,771,557,416,17,435,355,75,910,160,730,23,94,851,94,388,243,999,844,"SA019"
498,553,944,5,776,668,762,50,969,922,58,760,177,15,727,63,113,310,920,425,"SA020"
740,676,467,136,485,67,919,153,919,169,15,661,971,902,615,167,277,227,769,486,"SA021"
754,277,940,6,15,836,907,99,868,73,833,908,800,796,700,936,720,123,844,769,"SA022"
63,53,785,817,642,135,816,280,424,566,262,390,1000,78,748,443,376,268,922,252,"SA023"
442,426,875,782,235,656,200,387,781,365,55,957,261,102,262,674,634,924,601,812,"SA024"
501,610,394,931,747,838,50,634,300,460,348,457,582,174,276,36,497,56,368,822,"SA025"
270,976,100,369,296,258,479,707,289,465,580,195,72,529,199,468,807,501,747,417,"SA026"
599,970,277,974,906,136,590,326,999,779,804,591,802,735,943,46,582,794,485,916,"SA027"
736,88,722,824,853,763,97,965,987,824,340,155,881,118,271,620,172,838,5,71,"SA028"
714,498,356,787,462,212,951,696,480,282,135,519,890,103,498,865,937,576,673,810,"SA029"
116,396,383,623,71,268,163,161,762,730,774,413,11,552,37,196,54,242,404,486,"SA030"
575,390,32,967,578,532,922,369,329,496,877,827,241,291,802,282,87,582,953,305,"SA031"
798,318,521,500,580,474,128,302,236,66,988,563,607,440,405,865,842,138,134,618,"SA032"
232,683,121,894,994,373,663,458,618,38,655,456,363,118,460,32,421,483,378,319,"SA033"
725,285,885,401,335,775,784,823,340,238,254,192,709,922,931,782,717,94,900,652,"SA034"
838,390,75,448,667,558,765,233,58,218,641,472,42,733,390,455,736,305,803,916,"SA035"
119,990,784,936,939,155,673,402,982,422,451,233,657,462,746,80,987,677,506,569,"SA036"
959,792,854,683,575,989,116,972,688,550,197,314,231,672,784,907,961,205,18,638,"SA037"
748,312,37,18,692,244,851,124,862,714,606,867,273,288,207,189,142,395,250,416,"SA038"
811,817,275,166,90,130,618,630,462,240,975,445,733,663,57,746,665,803,306,797,"SA039"
190,221,642,496,866,213,836,704,126,896,199,434,178,375,332,432,33,228,662,862,"SA040"
26,501,785,427,501,380,170,591,680,483,435,473,386,671,684,671,495,77,98,367,"SA041"
864,167,400,992,223,360,10,997,20,263,340,833,684,413,768,187,791,778,965,488,"SA042"
919,120,935,889,412,303,323,45,163,320,34,10,415,711,653,882,379,670,867,896,"SA043"
138,898,391,346,886,44,270,990,896,664,99,309,542,281,934,49,948,511,285,464,"SA044"
478,94,424,706,496,935,825,745,153,728,419,86,455,739,4,220,661,214,435,209,"SA045"
463,865,286,909,673,569,934,437,259,571,47,823,127,575,378,262,433,188,341,676,"SA046"
700,277,612,676,283,221,128,153,244,879,27,471,31,24,644,767,839,611,348,734,"SA047"
66,27,559,639,817,878,913,449,312,409,174,532,166,363,99,386,805,39,304,653,"SA048"
733,787,40,150,246,467,605,186,221,205,378,395,799,441,15,279,427,229,915,207,"SA049"
396,359,745,601,370,542,400,427,31,471,588,454,142,403,149,78,329,824,284,961,"SA050"
461,25,206,273,236,784,666,821,903,379,336,115,74,545,745,500,565,300,868,7,"SA051"
725,746,656,458,936,648,768,50,959,248,495,31,29,863,853,451,861,16,817,902,"SA052"
470,30,522,222,415,145,522,325,943,925,752,23,417,766,325,987,586,962,185,90,"SA053"
1000,434,633,255,137,322,395,842,453,466,169,78,854,65,267,142,645,88,227,837,"SA054"
846,257,618,654,914,951,966,40,438,14,844,362,330,118,244,834,767,748,666,554,"SA055"
828,498,285,472,348,188,49,792,50,943,320,761,444,310,956,30,693,836,468,603,"SA056"
762,653,224,161,853,750,153,962,360,375,234,743,413,309,497,779,867,16,110,811,"SA057"
112,84,539,272,143,459,697,661,897,8,310,98,352,732,694,229,95,853,146,263,"SA058"
839,180,996,713,359,141,728,9,371,981,790,962,928,141,915,134,610,550,317,40,"SA059"
814,104,329,613,246,205,108,466,503,378,255,143,930,978,609,191,241,340,607,138,"SA060"
991,812,323,132,46,675,465,717,528,986,923,485,280,855,263,216,470,326,947,105,"SA061"
48,628,35,70,785,138,642,28,170,140,148,565,729,584,919,934,284,639,423,175,"SA062"
747,631,526,966,199,416,397,845,539,562,216,932,217,900,712,989,918,128,926,961,"SA063"
419,391,597,368,392,451,990,746,110,794,626,820,940,9,44,310,400,311,100,194,"SA064"
582,432,742,677,324,623,679,264,614,194,257,533,64,785,634,137,565,583,866,332,"SA065"
831,349,953,846,602,251,315,746,545,711,707,384,989,908,853,661,81,759,260,692,"SA066"
14,794,490,242,541,464,154,672,228,566,742,546,210,111,119,585,943,552,284,693,"SA067"
12,887,83,35,991,166,301,172,902,10,262,797,319,466,952,344,736,688,166,286,"SA068"
996,651,260,595,254,858,95,670,199,257,573,627,122,674,41,814,475,371,30,299,"SA069"
766,593,875,836,735,157,27,930,422,471,916,104,584,465,171,283,182,907,98,430,"SA070"
315,328,852,362,978,88,310,851,884,927,708,192,658,875,23,846,730,976,120,383,"SA071"
812,76,843,332,558,893,742,781,238,995,844,842,996,401,390,137,615,766,194,907,"SA072"
991,591,947,645,393,301,960,686,292,210,920,479,194,567,709,862,61,12,830,535,"SA073"
201,178,653,959,825,752,416,591,876,545,295,777,816,654,656,67,53,523,15,607,"SA074"
646,741,488,596,112,402,522,403,619,645,651,818,619,286,486,435,455,799,386,504,"SA075"
438,294,188,510,536,449,68,128,857,901,142,297,986,892,81,680,181,207,914,504,"SA076"
938,639,713,155,444,160,630,820,477,732,854,227,442,139,968,206,491,386,15,424,"SA077"
988,125,85,846,274,145,353,717,894,610,666,620,724,557,560,943,982,542,310,218,"SA078"
456,255,461,214,157,149,425,788,169,224,733,374,76,253,717,379,224,744,429,319,"SA079"
231,821,936,670,872,514,964,18,621,916,315,886,630,74,283,626,713,333,562,242,"SA080"
695,804,845,618,562,493,681,174,723,803,668,126,215,763,802,184,150,325,921,1,"SA081"
557,46,716,50,551,616,718,599,190,312,464,158,919,606,629,659,526,424,517,224,"SA082"
585,876,124,949,592,447,171,81,569,227,650,638,812,333,909,735,828,276,740,969,"SA083"
434,128,595,583,728,56,204,707,672,658,786,186,856,910,396,496,127,626,618,432,"SA084"
426,609,990,861,639,5,877,564,919,736,902,665,817,590,308,869,820,44,206,963,"SA085"
597,470,615,518,614,222,838,283,326,465,527,512,417,946,732,832,246,607,509,256,"SA086"
452,557,273,266,52,851,721,392,547,864,158,742,978,902,695,983,97,417,61,135,"SA087"
957,730,64,597,565,267,281,673,5,675,270,337,499,387,435,667,164,44,775,563,"SA088"
844,470,72,796,587,599,210,162,370,161,135,111,499,718,808,643,664,993,204,433,"SA089"
223,989,874,689,629,609,494,109,638,12,238,402,343,827,306,45,677,627,857,863,"SA090"
420,985,363,481,622,992,522,533,610,866,723,543,67,914,915,191,133,839,514,915,"SA091"
420,393,946,466,82,191,220,103,818,101,627,740,907,131,630,33,980,397,252,618,"SA092"
21,609,558,618,78,753,763,93,118,312,452,173,221,44,777,847,147,953,813,841,"SA093"
380,345,513,449,687,242,25,640,663,434,634,586,298,988,717,424,942,378,67,288,"SA094"
422,437,948,603,830,327,711,564,202,616,529,500,659,389,663,817,700,820,26,899,"SA095"
191,229,110,5,146,4,841,306,587,339,330,936,567,711,703,152,568,7,596,141,"SA096"
705,6,819,995,784,997,931,266,695,580,771,910,971,526,193,406,246,874,847,142,"SA097"
14,24,377,406,486,438,662,633,528,830,635,153,105,387,598,723,341,74,452,580,"SA098"
731,59,557,118,989,998,270,831,370,335,774,307,544,719,767,60,840,817,502,995,"SA099"
433,765,314,870,499,197,218,51,698,382,179,698,915,880,236,330,922,586,210,533,"SA100"
